,Ann,Bob,Charly,Don,E,F,G
0,-1.1789491258520512,0.059484120715611426,-0.3470522914001826,-1.8928096470933211,5.0,0.0,5.0
1,-1.8031279007426844,-1.7650485977841819,1.0551835842774542,0.16757235929662073,5.0,1.0,6.0
2,-0.040199735516232356,0.02018757454033796,0.46933454584352435,-1.1915879178310274,5.0,2.0,5.0
3,-0.7969876045549702,-1.6840153644765854,0.13301250442411408,-1.3183357799415945,5.0,3.0,6.0
4,-1.4458361879907704,-1.7057717337926377,-0.5575397907980911,1.704078833375946,5.0,4.0,5.0
5,0.9788545622061792,0.10374670224178656,-1.134703624911773,-0.6430992289455687,5.0,5.0,6.0
2020-08-25,,,,,3.0,,
